,Sentiment_category,Likes
0,Negative,68.93981481481481
1,Neutral,52.07931610746883
2,Positive,60.25857519788918
3,Strongly Negative,50.308724832214764
4,Strongly Positive,106.59563636363636
