,Sentiment_category,likesCount
0,Negative,1.344632768361582
1,Neutral,0.5142612664004563
2,Positive,0.6344339622641509
3,Strongly Negative,1.8782608695652174
4,Strongly Positive,0.3671274961597542
